news_date,news_headline,outlet_name,audience_reach,tone,medium,custom_tags
2020-02-20,Armitage puts poetry in motion with plan for centre,"Yorkshire Post, The",,,Print,Regional
2020-02-20,Poetic justice a national centre for yokshire,"Yorkshire Post, The",,,Print,Regional
2020-02-20,Simon sows the seeds of poetry centre in Leeds,"Yorkshire Post, The",,,Print,Regional
2020-02-27,Laureate calls for UK to establish national poetry headquaters,"Guardian - theguardian.com, The",,,Print,National
2020-02-28,Anothony Clavane every Friday,"Yorkshire Post, The",,,Print,Regional
2020-02-28,Arts view tony earnshaw,"Yorkshire Post, The",,,Print,Regional
2020-02-28,Simon armitage poet laureate leeds the way,The Observer,,,Print,National
2020-05-01,The Good Book by Slung Low and Leeds People’s Theatre,leeds 2023,,,,
2020-05-13,"ARTS Kully Thiarai, creative director of Leeds2023 (Front cover)","Yorkshire Post, The",21801,,Print,Regional
2020-05-13,Leeds 2023 Chief Aims for world class events (Front cover),"Yorkshire Post, The",21801,,Print,Regional
2020-06-03,a message of soliditary from leeds black and brown female cultural leaders,The Voice,,,Online,
2020-06-03,cultural leaders in leeds pledge to continue to fight racism as they back blm,"Yorkshire Post, The",,,Online,Regional
2020-06-03,leeds art leaders release black lives matter statement today,"Stage - thestage.co.uk, The",,,Online,National; Trade
2020-06-05,The Performance Ensemble reveals a tiny story every day in June,LEEDS 2023,,,Online,
2020-06-09,"Don't let progress on diversity in the theatre be lost, say directors","Yorkshire Post, The",21801,,Print,Regional
2020-06-12,,Look North Yorkshire x3,,,Broadcast/online,
2020-07-25,,Yorkshire Evening Post - Yorkshireeveningpost.co.uk,302040,,Online,Local
2020-07-25,,Yorkshire Evening Post,18534,,Print,Local
2020-08-04,Leeds to get huge new brdige over river aire and uks biggest city centre park,Leeds Live,,,Online,Local
2020-08-07,Why leeds united promtion is also a victory for citys cultural scene anothy clavane,"Yorkshire Post, The",,,Online,Regional
2020-08-20,Armley: Projects target inner city as preparetaions for leeds 2023 continue,West Leeds Dispatch,,,Online,Local
2020-08-26,Plans the citys landmark of culture begin to take shape,Yorkshire Evening Post,23055,,Print,Local
2020-08-26,wheels in motion for leeds 23,Yorkshire Evening Post,,,Print,Local
2020-09-04,Leeds based perfromance ensemble is a theatre compnay dedicated to telling the stories of older people. Yvetter Huddleston talks to founder Alan Lyddiniard,"Yorkshire Post, The",21801,,Print,Regional
2020-09-04,,"Yorkshire Post, The",21801,,Print,Regional
2020-09-08,Rich tapestry of stories can help shape our lives,"Yorkshire Post, The",21801,,Print,Regional
2020-09-14,leeds 23 supports get it dne,LeedsLiving,,,Online,Local
2020-09-21,"In Conversation With Abigail Scott Paul, Director Of External Relations, Leeds 2023.",LeedsLiving,,,Online,Local
2020-09-25,Creative city,"Yorkshire Post, The",21801,,Print,Regional
2020-10-02,winners announced for the inaugural northern asain powerlist 2020,TheBusinessDesk.com - TheBusinessDesk.com (Yorkshire),,,Online,Regional; Trade
2020-10-06,Achievements of North's Asian 'gems' overlooked,"Yorkshire Post, The",21801,,Print,Regional
2020-10-19,northern asain powerlist 2020 winners kully t,TheBusinessDesk.com - TheBusinessDesk.com (Yorkshire),,,Online,Regional; Trade
2020-10-22,We invest in Culture because it makes a real and postive difference to a place,"Yorkshire Post, The",21801,,Print,Regional
2020-10-29,Creative ecology call for region,"Yorkshire Post, The",21801,,Print,Regional
2020-11-04,Award winning exec. Producer revealed for Leeds 2023,Yorkshire Evening Post,302040,,Online,Local
2020-11-09,People: Andrew Jackson Solicitors; Leeds 2023; Chamber International; and more,TheBusinessDesk.com - TheBusinessDesk.com (Yorkshire),,,Online,Regional; Trade
2020-12-29,Memorial Sculpture for David Oluwale,"Yorkshire Post, The",21801,,Print,Regional
2020-12-29,Sculpture will honor the tragic life of david,Yorkshire Evening Post,23055,,Print,Local
2021-01-05,Yinka Shobibare to create leeds memorial for nigeriuan killed by police in 1960s,"Guardian - theguardian.com, The",,,Online,National
2021-01-08,"Anothony Clavane, every Friday","Yorkshire Post, The",21801,,Print,Regional
2021-01-08,Yinka Shobibare to create sculpture in memory of David Oluwale for leeds 2023,Museums Association,,,Online,National; Trade
2021-02-09,,"Yorkshire Post, The",21817,,Print,Regional
2021-02-16,how street art is blossoming in lockdown with a message of hope,ITV News,,,Broadcast,National
2021-03-01,DAZL dance group set to celebrate 21st birthday by turning former community centre in Middleton into professional studio,Yorkshire Evening Post - Yorkshireeveningpost.co.uk,302040,,Online,Local
2021-03-01,Hello Leeds: How you can help to tell our city's remarkable stories,Yorkshire Evening Post - Yorkshireeveningpost.co.uk,302040,,Online,Local
2021-03-01,"Hello Leeds: Turning the page to help shape our city's story - Laura Collins, YEP Editor",Yorkshire Evening Post - Yorkshireeveningpost.co.uk,302040,,Online,Local
2021-03-01,How DAZL is opening up a world of new opportunities,Yorkshire Evening Post,23055,,Print,Local
2021-03-01,"Why everyday culture matters so much - Ruth Pitt, Leeds 2023",Yorkshire Evening Post - Yorkshireeveningpost.co.uk,302040,,Online,Local
2021-03-02,Arts project giving a voice to the community in east Leeds,Yorkshire Evening Post,23055,,Print,Local
2021-03-02,The Chapel FM arts organisation in east Leeds is literally giving a voice to its young people and communities,Yorkshire Evening Post - Yorkshireeveningpost.co.uk,302040,,Online,Local
2021-03-03,Cancelling leeds christmas light switch on is ridiculous claims councillor,Yorkshire Evening Post,,,Online,Local
2021-03-03,Kully Thiarai Leeds 2023 CEO,Yorkshire Evening Post,23055,,Print,Local
2021-03-03,Leeds drama group Generation Squad offers 'incredible experience' of creating stories,Yorkshire Evening Post - Yorkshireeveningpost.co.uk,302040,,Online,Local
2021-03-03,Leeds drama group helping to bring generations together,Yorkshire Evening Post,23055,,Print,Local
2021-03-04,https://www.leeds-live.co.uk/best-in-leeds/whats-on-news/scrapping-leeds-christmas-lights-switch-19966368,Leeds Live,,,Online,Local
2021-03-04,https://www.thetelegraphandargus.co.uk/news/19133287.decision-cancel-leeds-christmas-light-events-save-cash-criticised/,thetelegraphandargus.co.uk,,,Online,Local
2021-03-09,A theatre company's take-over of Holbeck WMC is key to culture for the local community,Yorkshire Evening Post - Yorkshireeveningpost.co.uk,302040,,Online,Local
2021-03-09,Theatre company's role in delivering 'best cultural life',Yorkshire Evening Post,23055,,Print,Local
2021-03-16,An escape for carers behind lens,Yorkshire Evening Post,23055,,Print,Local
2021-03-16,Leeds carers find creative escape thanks to Holbeck arts organisation Skippko,Yorkshire Evening Post - Yorkshireeveningpost.co.uk,302040,,Online,Local
2021-03-23,Creating a cultural calm for corporate communities in Leeds though classical Indian dance,Yorkshire Evening Post - Yorkshireeveningpost.co.uk,302040,,Online,Local
2021-03-23,Minoti creating calm through classical Indian dance sessions,Yorkshire Evening Post,23055,,Print,Local
2021-03-29,Q&A The artist on fostering hope why he doesn’t wanta retorspective and making work inspired by picasso's african art collection,The Observer,139851,,Print,National
2021-03-30,Historic Sunny Bank Mill is showcasing the artists and creative makers of the future in the heart of Farsley,Yorkshire Evening Post - Yorkshireeveningpost.co.uk,302040,,Online,Local
2021-03-30,Historic mill now showcasing the city's artists of the future,Yorkshire Evening Post,23055,,Print,Local
2021-04-05,"Children will tell us how to get it right as we strive for normality - Ruth Pitt, Leeds 2023",Yorkshire Evening Post - Yorkshireeveningpost.co.uk,302040,,Online,Local
2021-04-05,How can we help young rediscover play?,Yorkshire Evening Post,23055,,Print,Local
2021-04-06,Capturing a snapshot of volunteers,Yorkshire Evening Post,23055,,Print,Local
2021-04-06,Harehills lamppost poems celebrate Manbassadors mental health volunteers,Yorkshire Evening Post - Yorkshireeveningpost.co.uk,302040,,Online,Local
2021-04-23,Inkwell team pulls together to look to a brighter future,Yorkshire Evening Post,23055,,Print,Local
2021-04-23,Leeds Mind project Inkwell Arts hopes to reopen Chapel Allerton base as outreach work begins,Yorkshire Evening Post - Yorkshireeveningpost.co.uk,302040,,Online,Local
2021-04-24,Leeds 2023 provides perfect playground for connecting culture with tech',Yorkshire Evening Post,23055,,Print,Local
2021-04-27,'Leeds 2023 provides perfect playground for connecting culture with tech',Yorkshire Evening Post - Yorkshireeveningpost.co.uk,302040,,Online,Local
2021-04-30,Brave Words being spoken by city's disadvantaged children through establishment of new youth theatre programmes,Yorkshire Evening Post - Yorkshireeveningpost.co.uk,302040,,Online,Local
2021-04-30,Brave words speaking to childre across Leeds,Yorkshire Evening Post,23055,,Print,Local
2021-05-01,Release of dystopian leeds film with couple who went from molotovs to marriage,"Yorkshire Post, The",,,Online,Regional
2021-05-01,This is a chance to listen to people and hear first-hand what they need',Yorkshire Evening Post,23055,,Print,Local
2021-05-03,"Get dressed up Leeds, we're going out - Ruthh Pitt, Leeds 2023",Yorkshire Evening Post - Yorkshireeveningpost.co.uk,302040,,Online,Local
2021-05-03,Time is here to dip a toe back into cultural life,Yorkshire Evening Post,23055,,Print,Local
2021-05-07,Drawings on a postcard please - The Tetley gallery in Leeds is searching for your 'Superhero',Yorkshire Evening Post - Yorkshireeveningpost.co.uk,302040,,Online,Local
2021-05-07,Entries on a postcard' for Tetley exhibition,Yorkshire Evening Post,23055,,Print,Local
2021-05-08,How organisation is supporting schools to be creative for pupils this summer,Yorkshire Evening Post,23055,,Print,Local
2021-05-09,tracy brabin becomes west yorkshire mayor,TheBusinessDesk.com - TheBusinessDesk.com (Yorkshire),,,Online,Regional; Trade
2021-05-10,brabin becomes first elected mayor of west yorkshire,Insider Media,,,Online,Regional; Trade
2021-05-14,114m boost expected from leeds 23 report,Insider Media,,,Online,Regional; Trade
2021-05-14,Variety is the spice of life in Bramley,Yorkshire Evening Post,23055,,Print,Local
2021-05-14,Variety is the spice of life in Bramley as residents tune in to an online showcase of local talent,Yorkshire Evening Post - Yorkshireeveningpost.co.uk,302040,,Online,Local
2021-05-14,,Leeds News Daily,,,,
2021-05-15,Celebrating the impact of cuisnine on Leeds' culture with Indie Food Week,Yorkshire Evening Post,23055,,Print,Local
2021-05-21,Leeds Playhouse to tour family-friendly theatre show across Leeds neighbourhoods,Yorkshire Evening Post - Yorkshireeveningpost.co.uk,302040,,Online,Local
2021-05-21,Show for all the family to tour city,Yorkshire Evening Post,23055,,Print,Local
2021-05-22,How charity is helping community retain a sense of ownership with ideas,Yorkshire Evening Post,23055,,Print,Local
2021-05-25,Leeds 2023 to help create 'powerhouse of culture' across North of England as Corinne Bailey Rae and Kaiser Chiefs’ Simon Rix announced as patron,"Yorkshire Post, The",,,Online,Regional
2021-05-25,Leeds is ready for it's time in the limelight,Yorkshire Evening Post,,,Online,Local
2021-05-25,Richard stead breakfast show,BBC Radio Leeds,,,Broadcast,Regional
2021-05-25,We're letting culture loose (Front cover),Yorkshire Evening Post,23055,,Print,Local
2021-05-25,armly park sculpture marks area's industrial hertitage as leeds 23 launches,West Leeds Dispatch,,,Online,Local
2021-05-26,design inspiration the best projects from may,designweek.co.uk,,,Online,National
2021-05-27,leeds 23 promises to let culture loose,South Leeds Life,,,Online,Local
2021-05-28,Crafters assembled… and they've just clicked,Yorkshire Evening Post,23055,,Print,Local
2021-05-28,Why we are 'Letting Culture Loose' in bid to unlock potential across Leeds,Yorkshire Evening Post,23055,,Print,Local
2021-05-29,Crafters team up with fine art specialists to create one-off sculpture to celebrate LEEDS 2023,Yorkshire Evening Post - Yorkshireeveningpost.co.uk,302040,,Online,Local
2021-05-31,leeds 23 points to how arts bodies and councils can together redefine culture,"Stage - thestage.co.uk, The",,,Online,National; Trade
2021-06-01,how culture can change lives in Leeds and Bradford - Darren Henley,"Yorkshire Post, The",,,Online,Regional
2021-06-01,leeds 23 launches community driven programme,Museums Association,,,Online,National; Trade
2021-06-04,Photography project brings back art of coversation,Yorkshire Evening Post,23055,,Print,Local
2021-06-04,Street photography project in inner city Leeds brings back the aer of conversation,Yorkshire Evening Post - Yorkshireeveningpost.co.uk,302040,,Online,Local
2021-06-05,Revealing the city's hidden cultural stories will be key to 'letting culture loose',Yorkshire Evening Post,23055,,Print,Local
2021-06-07,"Slap on the sunscreen and soak up some culture in the great outdoors - Ruth Pitt, Leeds 2023",Yorkshire Evening Post - Yorkshireeveningpost.co.uk,302040,,Online,Local
2021-06-11,Mafwa Theatre: Using theatre to bring diverse communities ogether in Leeds this Refugee Week,Yorkshire Evening Post - Yorkshireeveningpost.co.uk,302040,,Online,Local
2021-06-11,Theatre uses arts to bring together our community,Yorkshire Evening Post,23055,,Print,Local
2021-06-14,Leeds 2023 city of culture unviels new visual identity,Creative review,,,Online,
2021-06-15,Peter+Pauls identity for leeds' year of culture is all about,Creative Boom,,,Online,
2021-06-16,Leeds Reimagines itself as 2023 uk city of culture,Outlook India,,,Online,International
2021-06-16,heres why you should try to include leeds in your inteniory if you plan to be in uk next year or one after thar,outlook traveller,,,Online,International
2021-06-25,Harewood House flying the flag for the great outdoors,Yorkshire Evening Post,23055,,Print,Local
2021-06-25,Harewood House is flying the flag for enjoying the great outdoors and taking time for well-being,Yorkshire Evening Post - Yorkshireeveningpost.co.uk,302040,,Online,Local
2021-06-26,New project aims to get city's creative juices flowing by transporting culture,Yorkshire Evening Post,23055,,Print,Local
2021-06-28,,Yorkshire Evening Post,302040,,Online,Local
2021-07-02,Shopping to the beat of city's young musicians,Yorkshire Evening Post,23055,,Print,Local
2021-07-02,Young Leeds musicians showcase original work to crowds on Briggate in Black Health Initiative project aimed at tackling mental health issues during pandemic,Yorkshire Evening Post - Yorkshireeveningpost.co.uk,302040,,Online,Local
2021-07-03,"How you can help transform the stage into a relaxed, family-friendly atmosphere",Yorkshire Evening Post,23055,,Print,Local
2021-07-05,Leeds 2023 chairperson Ruth Pitt: 'We don’t have to be stuck with the same habits as we get older',Yorkshire Evening Post - Yorkshireeveningpost.co.uk,302040,,Online,Local
2021-07-05,,Yorkshire Evening Post - Yorkshireeveningpost.co.uk,,,Online,Local
2021-07-05,,Yorkshire Evening Post,23055,,Print,Local
2021-07-06,"Spend Leeds 2023 cultural events money on keeping care homes open instead, say opposition councillors",Yorkshire Evening Post,,,Online,Local
2021-07-09,A Leeds performance company is breathing older life into new productions,Yorkshire Evening Post - Yorkshireeveningpost.co.uk,302040,,Online,Local
2021-07-10,,Yorkshire Evening Post,23055,,Print,Local
2021-07-17,Familiar faces on posters across Leeds as 2023 lets culture loose,Yorkshire Evening Post,23055,,Print,Local
2021-07-17,Fantasy trail bringing comic books to life,Yorkshire Evening Post,23055,,Print,Local
2021-07-18,Meet the acclaimed artist behind a fantasy comic art trail taking over Leeds this summer,Yorkshire Evening Post - Yorkshireeveningpost.co.uk,302040,,Online,Local
2021-07-19,Kay Mellor claims leeds is in her blood as she becomes a patron of year long festival of arts anc ulture in the city,"Yorkshire Post, The",,,Online,Regional
2021-07-20,the 25 uk city of culture could be in town a region or virtual county,"Daily Telegraph - Telegraph.co.uk, The",,,Online,National
2021-07-21,"Testament, Manjit's Kitchen and Leeds Rhinos netball feature in Leeds 2023 poster campaign",Yorkshire Evening Post - Yorkshireeveningpost.co.uk,302040,,Print,Local
2021-07-24,Leeds 2023: New project tapping into creativity of school children,Yorkshire Evening Post - Yorkshireeveningpost.co.uk,302040,,Online,Local
2021-07-24,Opera Festival set to take over city scene,Yorkshire Evening Post,23055,,Print,Local
2021-07-24,Tapping into the creativity of our children to shape future of city,Yorkshire Evening Post,23055,,Print,Local
2021-07-25,Leeds Opera Festival returns to a stage near you in a bid to change myths about who opera is for,Yorkshire Evening Post - Yorkshireeveningpost.co.uk,302040,,Online,Local
2021-07-31,,Yorkshire Evening Post,23055,,Print,Local
2021-08-01,Art Camp UK: How this 'magical' summer art camp is helping Leeds children to follow their dreams,Yorkshire Evening Post - Yorkshireeveningpost.co.uk,302040,,Online,Local
2021-08-02,Column - Jamie Jones Buchanan,Yorkshire Evening Post,302040,POS,Online,Local
2021-08-02,Column - Jamie Jones Buchanan,Yorkshire Evening Post,23055,POS,Print,Local
2021-08-02,New members of creative team,TheBusinessDesk.com - TheBusinessDesk.com (Yorkshire),228780,POS,Online,Regional; Trade
2021-08-03,Column - Jamie Jones Buchanan,Yorkshire Evening Post - Yorkshireeveningpost.co.uk,302040,POS,Online,Local
2021-08-05,Networking event,TheBusinessDesk.com - TheBusinessDesk.com (Yorkshire),228780,NEU,Online,Regional; Trade
2021-08-07,Column - Local business engagement,Yorkshire Evening Post - Yorkshireeveningpost.co.uk,302040,POS,Online,Local
2021-08-07,Column - Local business engagement,Yorkshire Evening Post,23055,POS,Print,Local
2021-08-07,Excitement Building For a Year of Culture,Yorkshire Evening Post,23055,,Print,Local
2021-08-07,Harnessing culture to help local businesses shine across the city,Yorkshire Evening Post,23055,,Print,Local
2021-08-07,Hello Leeds - Cllr Pryor,Yorkshire Evening Post - Yorkshireeveningpost.co.uk,302040,POS,Online,Local
2021-08-07,Hello Leeds - Cllr Pryor,Yorkshire Evening Post,23055,POS,Print,Local
2021-08-07,,Yorkshire Evening Post - Yorkshireeveningpost.co.uk,302040,,Online,Local
2021-08-07,,Yorkshire Evening Post,23055,,Print,Local
2021-08-09,London needs to work with cities around the country for economic recovery,cityam.com,2000000,POS,Online,National
2021-08-10,Kully Thiarai - comment on WY cultural economy,"Yorkshire Post - yorkshirepost.co.uk, The",567120,POS,Online,Regional
2021-08-10,Kully Thiarai - comment on WY cultural economy,"Yorkshire Post, The",21801,POS,Print,Regional
2021-08-14,Column - Promise of a garden,Yorkshire Evening Post - Yorkshireeveningpost.co.uk,302040,POS,Online,Local
2021-08-14,Column - Promise of a garden,Yorkshire Evening Post,23055,POS,Print,Local
2021-08-14,Hello Leeds - Northern Ballet,Yorkshire Evening Post - Yorkshireeveningpost.co.uk,302040,NEU,Online,Local
2021-08-14,Hello Leeds - Northern Ballet,Yorkshire Evening Post,23055,NEU,Print,Local
2021-08-14,How Project has Planted a Seed that can help Culture to Bloom,Yorkshire Evening Post,23055,,Print,Local
2021-08-14,LEEDS 2023: How to watch The Promise of a Garden at Leeds Playhouse,Yorkshire Evening Post - Yorkshireeveningpost.co.uk,302040,,Online,Local
2021-08-14,Ongoing Ballet Boss: 'The show must go on',Yorkshire Evening Post - Yorkshireeveningpost.co.uk,302040,,Online,Local
2021-08-14,Ongoing Ballet Boss: 'The show must go on',Yorkshire Evening Post,23055,,Print,Local
2021-08-21,Column - Sanchez on Carnival,Yorkshire Evening Post - Yorkshireeveningpost.co.uk,302040,POS,Online,Local
2021-08-21,Column - Sanchez on Carnival,Yorkshire Evening Post,23055,POS,Print,Local
2021-08-21,Gearing up to celebrate carnival virtually for second year running,Yorkshire Evening Post,302055,,Online,Local
2021-08-21,Gearing up to celebrate carnival virtually for second year running,Yorkshire Evening Post,23055,,Print,Local
2021-08-21,Hello Leeds - ESA,Yorkshire Evening Post - Yorkshireeveningpost.co.uk,302040,POS,Online,Local
2021-08-21,Hello Leeds - ESA,Yorkshire Evening Post,23055,POS,Print,Local
2021-08-21,,Yorkshire Evening Post - Yorkshireeveningpost.co.uk,302055,,Online,Local
2021-08-21,,Yorkshire Evening Post,23055,,Print,Local
2021-08-28,Craft group in Micklefield is playing its part in tackling isolation and calls for new members as meetings re-start,Yorkshire Evening Post,23055,,Print,Local
2021-08-28,Hello Leeds - Mickelfield craft group,Yorkshire Evening Post - Yorkshireeveningpost.co.uk,302040,POS,Online,Local
2021-08-28,Hello Leeds - Mickelfield craft group,Yorkshire Evening Post,23055,POS,Print,Local
2021-08-28,Lifeline Community Group Set for Re-Start,Yorkshire Evening Post - Yorkshireeveningpost.co.uk,302055,,Online,Local
2021-08-29,Column - Briony Thomas appt,Yorkshire Evening Post - Yorkshireeveningpost.co.uk,302040,POS,Online,Local
2021-08-29,Column - Briony Thomas appt,Yorkshire Evening Post,23055,POS,Print,Local
2021-08-29,Cultural education partnership 'aims to inspire our young people',Yorkshire Evening Post,23055,,Print,Local
2021-08-29,LEEDS 2023: New Leeds Cultural Education Partnership to 'inspire our young people',Yorkshire Evening Post - Yorkshireeveningpost.co.uk,302055,,Online,Local
2021-09-04,Assessing the impact that Leeds' year of culture can have in 2023,Yorkshire Evening Post - Yorkshireeveningpost.co.uk,302055,,Online,Local
2021-09-04,Assessing the impact that Leeds' year of culture can have in 2023,Yorkshire Evening Post,23055,,Print,Local
2021-09-04,Column - Anna,Yorkshire Evening Post - Yorkshireeveningpost.co.uk,302040,POS,Online,Local
2021-09-04,Column - Anna,Yorkshire Evening Post,23055,POS,Print,Local
2021-09-04,Column - Sharon Watson,Yorkshire Evening Post - Yorkshireeveningpost.co.uk,302040,POS,Online,Local
2021-09-04,Hello Leeds - Aire Rivers Trust,Yorkshire Evening Post - Yorkshireeveningpost.co.uk,302040,POS,Online,Local
2021-09-04,Hello Leeds - Aire Rivers Trust,Yorkshire Evening Post,23055,POS,Print,Local
2021-09-04,Leeds Liverpool canal set to be the stage for a series of floating plays about the heritage and community behind city waterways,Yorkshire Evening Post - Yorkshireeveningpost.co.uk,302055,,Online,Local
2021-09-04,Making a splash with canals moving stage,Yorkshire Evening Post,23055,,Print,Local
2021-09-05,Northern School of Contemporary Dance principal Sharon Watson on the importance of culture in education,Yorkshire Evening Post - Yorkshireeveningpost.co.uk,302055,,Online,Local
2021-09-06,Column - Sharon Watson,Yorkshire Evening Post,23055,POS,Print,Local
2021-09-06,Recognising Importance of dance and culture,Yorkshire Evening Post,23055,,Print,Local
2021-09-11,"Column - Matt Allen, role of tech",Yorkshire Evening Post - Yorkshireeveningpost.co.uk,302055,,Online,Local
2021-09-11,"Column - Matt Allen, role of tech",Yorkshire Evening Post - Yorkshireeveningpost.co.uk,302040,POS,Online,Local
2021-09-11,"Column - Matt Allen, role of tech",Yorkshire Evening Post,23055,POS,Print,Local
2021-09-11,Festival offers chance to find joy in life again,Yorkshire Evening Post,23055,,Print,Local
2021-09-11,Hello Leeds - Age Proud Festival,Yorkshire Evening Post - Yorkshireeveningpost.co.uk,302040,POS,Online,Local
2021-09-11,Hello Leeds - Age Proud Festival,Yorkshire Evening Post,23055,POS,Print,Local
2021-09-11,The role technology will play in Leeds' year of culture in 2023,Yorkshire Evening Post,23055,,Print,Local
2021-09-12,Leeds' first 'Age Proud' festival encouraging older people to meet friends and take up hobbies again after COVID isolation,Yorkshire Evening Post - Yorkshireeveningpost.co.uk,302055,,Online,Local
2021-09-18,Column - Heritage Open Days,Yorkshire Evening Post - Yorkshireeveningpost.co.uk,302040,POS,Online,Local
2021-09-18,Column - Heritage Open Days,Yorkshire Evening Post,23055,POS,Print,Local
2021-09-18,Hello Leeds - Morley Arts Fest,Yorkshire Evening Post - Yorkshireeveningpost.co.uk,302040,POS,Online,Local
2021-09-18,Hello Leeds - Morley Arts Fest,Yorkshire Evening Post,23055,POS,Print,Local
2021-09-18,Heritage open days allows us to embrace our city's rich culture,Yorkshire Evening Post,23055,,Print,Local
2021-09-18,LEEDS 2023: A House Through Time helps putting heritage in focus,Yorkshire Evening Post - Yorkshireeveningpost.co.uk,302055,,Online,Local
2021-09-18,Town's arts festival returns for 16th year,Yorkshire Evening Post,23055,,Print,Local
2021-09-19,Morley Arts Festival set to return for 2021 with a re-brand and a re-think to make it more accessible for local community,Yorkshire Evening Post - Yorkshireeveningpost.co.uk,302055,,Online,Local
2021-09-25,"Column - Niv, Students shaping culture",Yorkshire Evening Post,23055,POS,Print,Local
2021-09-25,Hello Leeds - Leeds playwright,Yorkshire Evening Post - Yorkshireeveningpost.co.uk,302040,POS,Online,Local
2021-09-25,Hello Leeds - Leeds playwright,Yorkshire Evening Post,23055,POS,Print,Local
2021-09-25,How student voices contribute to changing face of culture in Leeds,Yorkshire Evening Post,23055,,Print,Local
2021-09-25,Playwrites script inspired by tragedy,Yorkshire Evening Post,23055,,Print,Local
2021-09-26,"Column - Niv, Students shaping culture",Yorkshire Evening Post - Yorkshireeveningpost.co.uk,302040,POS,Online,Local
2021-09-26,LEEDS 2023: How university students in Leeds can help shape culture,Yorkshire Evening Post - Yorkshireeveningpost.co.uk,302055,,Online,Local
2021-09-26,Meet the Leeds playwright whose scripts are inspired by real-life tragedies,Yorkshire Evening Post - Yorkshireeveningpost.co.uk,302055,,Online,Local
2021-10-02,"Column - Mark, LEEDS 2023 club",Yorkshire Evening Post,23055,POS,Print,Local
2021-10-02,Hello Leeds - Music House,Yorkshire Evening Post,23055,POS,Print,Local
2021-10-02,,Yorkshire Evening Post,23055,,Print,Local
2021-10-04,"Column - Monthly, Ruth Mackenzie, Olympics",Yorkshire Evening Post - Yorkshireeveningpost.co.uk,302040,POS,Online,Local
2021-10-04,"Column - Monthly, Ruth Mackenzie, Olympics",Yorkshire Evening Post,23055,POS,Print,Local
2021-10-04,Hello Leeds - Music House,Yorkshire Evening Post - Yorkshireeveningpost.co.uk,302040,POS,Online,Local
2021-10-04,Leeds 2023 will display city's culture to world,Yorkshire Evening Post,23055,,Print,Local
2021-10-04,Leeds 2023 will display the city's ambition and culture to the world - Ruth Mackenzie,Yorkshire Evening Post - Yorkshireeveningpost.co.uk,302055,,Online,Local
2021-10-04,The Leeds charity spreading music across the city,Yorkshire Evening Post - Yorkshireeveningpost.co.uk,302055,,Online,Local
2021-10-04,The Leeds charity spreading music across the city,Yorkshire Evening Post,23055,,Print,Local
2021-10-08,LEEDS 2023 club,businessmondays.co.uk,4800,POS,Online,Trade
2021-10-08,LEEDS 2023 club,TheBusinessDesk.com - TheBusinessDesk.com (Yorkshire),228780,POS,Online,Regional; Trade
2021-10-09,"Column - Kate, Light Night",Yorkshire Evening Post - Yorkshireeveningpost.co.uk,302040,POS,Online,Local
2021-10-09,"Column - Kate, Light Night",Yorkshire Evening Post,23055,POS,Print,Local
2021-10-09,Hello Leeds - Transform call out,Yorkshire Evening Post,23055,POS,Print,Local
2021-10-09,LEEDS 2023: Hidden gems to be on show at Light Night Leeds 2021,Yorkshire Evening Post - Yorkshireeveningpost.co.uk,302055,,Online,Local
2021-10-09,LEEDS 2023: Hidden gems to be on show at Light Night Leeds 2021,Yorkshire Evening Post,23055,,Print,Local
2021-10-09,,Yorkshire Evening Post,23055,,Print,Local
2021-10-10,Hello Leeds - Transform call out,Yorkshire Evening Post - Yorkshireeveningpost.co.uk,302040,POS,Online,Local
2021-10-10,,Yorkshire Evening Post - Yorkshireeveningpost.co.uk,302055,,Online,Local
2021-10-11,LEEDS 2023 club,businessupnorth.co.uk,302040,NEU,Online,Regional
2021-10-11,LEEDS 2023 club,Topic UK,,NEU,Online,Regional
2021-10-11,LEEDS 2023 club,"Yorkshire Post, The",21801,NEU,Print,Regional
2021-10-14,My World My City My Neighbourhood artist announcement,South Leeds Life,5280,POS,Online,Local
2021-10-14,My World My City My Neighbourhood artist announcement,West Leeds Dispatch,1140,POS,Online,Local
2021-10-16,"Column - Lee Brennan, My World My City My Neighbourhood",Yorkshire Evening Post,23055,POS,Print,Local
2021-10-16,"Mark Hollander interview, Leeds 2023 legacy",Yorkshire Evening Post - Yorkshireeveningpost.co.uk,302040,POS,Online,Local
2021-10-16,"Mark Hollander interview, Leeds 2023 legacy",Yorkshire Evening Post,23055,POS,Print,Local
2021-10-16,The importance of Leeds 2023 will be what comes after the year of cultural celebration says executive director,Yorkshire Evening Post - Yorkshireeveningpost.co.uk,302055,,Online,Local
2021-10-16,The importance of Leeds 2023 will be what comes after the year of cultural celebration says executive director,Yorkshire Evening Post,23055,,Print,Local
2021-10-17,"Column - Lee Brennan, My World My City My Neighbourhood",Yorkshire Evening Post - Yorkshireeveningpost.co.uk,302040,POS,Online,Local
2021-10-17,LEEDS 2023: New project launched with 20 artists from Bramley to Chapeltown,Yorkshire Evening Post - Yorkshireeveningpost.co.uk,302055,,Online,Local
2021-10-17,LEEDS 2023: New project launched with 20 artists from Bramley to Chapeltown,Yorkshire Evening Post,23055,,Print,Local
2021-10-23,"Column - Martha Rose Stewart, City Square",Yorkshire Evening Post - Yorkshireeveningpost.co.uk,302040,POS,Online,Local
2021-10-23,"Column - Martha Rose Stewart, City Square",Yorkshire Evening Post,302040,POS,Print,Local
2021-10-23,"Culture is not just for the middle classes, it changes peoples lives",Yorkshire Evening Post - Yorkshireeveningpost.co.uk,302055,,Online,Local
2021-10-23,"Culture is not just for the middle classes, it changes peoples lives",Yorkshire Evening Post,23055,,Print,Local
2021-10-23,Culture isn't just for the middle classes,"Yorkshire Post, The",23055,POS,Print,Regional
2021-10-23,Hello Leeds - Red Ladder,Yorkshire Evening Post - Yorkshireeveningpost.co.uk,302040,POS,Online,Local
2021-10-23,Hello Leeds - Red Ladder,Yorkshire Evening Post,23055,POS,Print,Local
2021-10-23,Leeds City Square will be 'taken over' by LEEDS 2023 for 'Year of Culture',Yorkshire Evening Post - Yorkshireeveningpost.co.uk,302055,,Online,Local
2021-10-23,Leeds City Square will be 'taken over' by LEEDS 2023 for 'Year of Culture',Yorkshire Evening Post,23055,,Print,Local
2021-10-24,Culture isn't just for the middle classes,Yorkshire Evening Post - Yorkshireeveningpost.co.uk,567120,POS,Online,Local
2021-10-30,Can a combination of Leeds United and a Charlie Chalk Fun Factory change the game for street artists?,Yorkshire Evening Post - Yorkshireeveningpost.co.uk,302055,,Online,Local
2021-10-30,Column - From Malaysia to Leeds,Yorkshire Evening Post - Yorkshireeveningpost.co.uk,302040,POS,Online,Local
2021-10-30,Column - From Malaysia to Leeds,Yorkshire Evening Post,23055,POS,Print,Local
2021-10-30,From Malaysia to Leeds: How Sayang is opening creative doors,Yorkshire Evening Post,23055,,Print,Local
2021-10-30,Hello Leeds - Murals by Phil Harris,Yorkshire Evening Post - Yorkshireeveningpost.co.uk,302040,POS,Online,Local
2021-10-30,Hello Leeds - Murals by Phil Harris,Yorkshire Evening Post,23055,POS,Print,Local
2021-10-30,LEEDS 2023: Meet non-binary trans artist born in Malaysia now celebrating stories in Leeds,Yorkshire Evening Post - Yorkshireeveningpost.co.uk,302055,,Online,Local
2021-10-30,Meet artist spreading joy with new murals,Yorkshire Evening Post,23055,,Print,Local
2021-11-01,Hello Leeds - Culture and Climate change,Yorkshire Evening Post - Yorkshireeveningpost.co.uk,302040,POS,Online,Local
2021-11-01,Hello Leeds - Culture and Climate change,Yorkshire Evening Post,23055,POS,Print,Local
2021-11-01,How Culture can play a part in climate  goals,Yorkshire Evening Post - Yorkshireeveningpost.co.uk,302055,,Online,Local
2021-11-01,How Culture can play a part in climate  goals,Yorkshire Evening Post,23055,,Print,Local
2021-11-01,LEEDS 2023 AWARDED SIGNIFICANT FUNDING TO BRING LEEDS’ HERITAGE STORIES TO LIFE,on-magazine.co.uk,3870,POS,Online,Regional
2021-11-03,British council commissions,ArtsProfessional,,POS,Online,National; Trade
2021-11-06,"Column - Lisa Mallahan, BPH",Yorkshire Evening Post - Yorkshireeveningpost.co.uk,302040,POS,Online,Local
2021-11-06,"Column - Lisa Mallahan, BPH",Yorkshire Evening Post,23055,POS,Print,Local
2021-11-06,Hello Leeds - Cross Gates Community,Yorkshire Evening Post - Yorkshireeveningpost.co.uk,302040,POS,Online,Local
2021-11-06,Hello Leeds - Cross Gates Community,Yorkshire Evening Post,23055,POS,Print,Local
2021-11-06,Hello Leeds - Pudsey Theatre Company,Yorkshire Evening Post,23055,POS,Print,Local
2021-11-06,New hub opens as a lifeline for community,Yorkshire Evening Post - Yorkshireeveningpost.co.uk,302055,,Online,Local
2021-11-06,New hub opens as a lifeline for community,Yorkshire Evening Post,23055,,Print,Local
2021-11-06,Pulling back curtain after 16 long months,Yorkshire Evening Post,23055,,Print,Local
2021-11-06,Special relationship shared between Bradford and Leeds,Yorkshire Evening Post - Yorkshireeveningpost.co.uk,302055,,Online,Local
2021-11-06,Special relationship shared between Bradford and Leeds,Yorkshire Evening Post,23055,,Print,Local
2021-11-13,Hello Leeds -  Leeds 2023 - Abigail James,Yorkshire Evening Post,23055,POS,Print,Local
2021-11-13,Hello Leeds - Culture Scene column,Yorkshire Evening Post,23055,POS,Print,Local
2021-11-13,Hello Leeds - Culture Scene column,Yorkshire Evening Post - Yorkshireeveningpost.co.uk,302040,POS,Online,Local
2021-11-13,Spinning new career with textiles to bring communities together,Yorkshire Evening Post,23055,,Print,Local
2021-11-13,,Yorkshire Evening Post - Yorkshireeveningpost.co.uk,302055,,Online,Local
2021-11-13,,Yorkshire Evening Post,23055,,Print,Local
2021-11-14,Artist working with LEEDS 2023 to create yarns inspired by Remembrance Sunday,Yorkshire Evening Post - Yorkshireeveningpost.co.uk,302040,POS,Online,Local
2021-11-14,Curtains raise for Pudsey theatre company as it premieres first post-lockdown performance,Yorkshire Evening Post - Yorkshireeveningpost.co.uk,302055,,Online,Local
2021-11-14,Meet Guiseley artist working with LEEDS 2023 to create yarns inspired by Remembrance Sunday,Yorkshire Evening Post - Yorkshireeveningpost.co.uk,302055,,Online,Local
2021-11-14,Pudsey theatre company as it premieres first post-lockdown performance,Yorkshire Evening Post - Yorkshireeveningpost.co.uk,302040,POS,Online,Local
2021-11-19,Leeds Grand Theatre and Leeds Playhouse benefit from Government's Culture Recovery Fund,Yorkshire Evening Post - Yorkshireeveningpost.co.uk,302055,,Online,Local
2021-11-19,Leeds Grand Theatre and Leeds Playhouse benefit from funding,Yorkshire Evening Post - Yorkshireeveningpost.co.uk,302040,POS,Online,Local
2021-11-19,Why Leeds is Britain's most underrated city break,"Daily Telegraph - Telegraph.co.uk, The",24886000,POS,Online,National
2021-11-20,Column - Experiences for Audiences,Yorkshire Evening Post,23005,POS,Print,Local
2021-11-20,Hello Leeds - Lottery Funding,Yorkshire Evening Post,23005,POS,Print,Local
2021-11-20,Lottery windfall for city's cultural projects,Yorkshire Evening Post,23055,,Print,Local
2021-11-20,Making the experience for Leeds audiences an extraordinary one,Yorkshire Evening Post,23055,,Print,Local
2021-11-21,Meet the woman making sure audiences have fun in Leeds,Yorkshire Evening Post - Yorkshireeveningpost.co.uk,302055,,Online,Local
2021-11-21,Meet the woman making sure audiences have fun in Leeds,Yorkshire Evening Post - Yorkshireeveningpost.co.uk,302040,POS,Online,Local
2021-11-21,National Heritage Lottery funding will help LEEDS 2023 tell the city's undiscovered and eclectic stories,Yorkshire Evening Post - Yorkshireeveningpost.co.uk,302055,,Online,Local
2021-11-21,National Heritage Lottery funding will help LEEDS 2023 tell stories,Yorkshire Evening Post - Yorkshireeveningpost.co.uk,302040,POS,Online,Local
2021-11-24,A new Chair for LEEDS 2023 as Gabby Logan joins the team,Topic UK,,POS,Online,Regional
2021-11-24,kully thiarai the arts sector has failed to build back better,the stage,,,Online,National
2021-11-25,GABBY LOGAN NAMED LEEDS 2023 CHAIR,Insider Media,10250,POS,Online,Regional; Trade
2021-11-25,Gabby Logan announced as new chair for Leeds 2023,Yorkshire Evening Post - Yorkshireeveningpost.co.uk,302055,,Online,Local
2021-11-25,Gabby Logan announced as new chair for Leeds 2023,Yorkshire Evening Post - Yorkshireeveningpost.co.uk,302040,POS,Online,Local
2021-11-25,Gabby Logan to promote city's communities,Yorkshire Evening Post,23055,POS,Print,Local
2021-11-25,Gabby Logan vows to promote city's communities in new roles,Yorkshire Evening Post,23055,,Print,Local
2021-11-25,Logan and Blake join LEEDS 2023 team,ArtsProfessional,27174,POS,Online,National; Trade
2021-11-25,New chairman hired for Leeds 2023,TheBusinessDesk.com - TheBusinessDesk.com (Yorkshire),170000,POS,Online,Regional; Trade
2021-11-25,South Leeds Stories - Leeds 2023,South Leeds Life,5280,POS,Print,Local
2021-11-27,Column - Global Issues Through Art,Yorkshire Evening Post,23005,POS,Print,Local
2021-11-27,Culture and technology can look at the worlds biggest problems,Yorkshire Evening Post,23055,,Print,Local
2021-11-27,Fired up to shed light on climate emergancy,Yorkshire Evening Post,23055,,Print,Local
2021-11-27,Hello Leeds - Rivers of Light,Yorkshire Evening Post,23005,POS,Print,Local
2021-11-28,Hello Leeds - Rivers of Light,Yorkshire Evening Post - Yorkshireeveningpost.co.uk,302040,POS,Online,Local
2021-12-04,"Column - Boris Cruse, Paul Digby",Yorkshire Evening Post,23055,POS,Print,Local
2021-12-04,Hello Leeds - author Jacqueline Golding,Yorkshire Evening Post,23055,POS,Print,Local
2021-12-05,Hello Leeds - author Jacqueline Golding,Yorkshire Evening Post - Yorkshireeveningpost.co.uk,302040,POS,Online,Local
2021-12-06,Column - Ben Walmsley,Yorkshire Evening Post - Yorkshireeveningpost.co.uk,302040,POS,Online,Local
2021-12-06,Column - Ben Walmsley,Yorkshire Evening Post,23055,POS,Print,Local
2021-12-18,Column - Highrise project,Yorkshire Evening Post,23055,POS,Print,Local
2021-12-18,Hello Leeds - Skippko Arts,Yorkshire Evening Post,23055,POS,Print,Local
2021-12-31,Jamie Jones-Buchanan honoured to close special chapter with an MBE,Yorkshire Evening Post - Yorkshireeveningpost.co.uk,302040,POS,Online,Local
2021-12-31,Jamie Jones-Buchanan humbled as Leeds Rhinos legend awarded MBE,Leeds Live,3870,POS,Online,Local
2022-01-01,Hello Leeds - Kuala Lumpur for Leeds 2023,Yorkshire Evening Post,23055,POS,Print,Local
2022-01-01,Leeds Rhinos icon on the 'massive honour' of being awarded the MBE,skysports.com,10528080,POS,Online,National
2022-01-03,Hello Leeds - Baroness Judith Blake,Yorkshire Evening Post,23055,POS,Print,Local
2022-01-03,Monthly Column - Thinking out loud,Yorkshire Evening Post - Yorkshireeveningpost.co.uk,302040,POS,Online,Local
2022-01-08,"Hello Leeds - Letting Culture Loose, TFTPG",Yorkshire Evening Post - Yorkshireeveningpost.co.uk,302040,POS,Online,Local
2022-01-08,Hello Leeds - Tech for the public good,Yorkshire Evening Post,23055,POS,Print,Local
2022-01-15,"Hello Leeds - M62 Unite communities, Ben Cottrell",Yorkshire Evening Post,23055,POS,Print,Local
2022-01-15,Hello Leeds - Rolling Social,Yorkshire Evening Post,23055,POS,Print,Local
2022-01-16,"Hello Leeds - Letting Culture Loose, Ben Cottrell",Yorkshire Evening Post - Yorkshireeveningpost.co.uk,302040,POS,Online,Local
2022-01-19,Wetherby and stories from around the town are being called for as part of a major project.,harrogateadvertiser.co.uk,13992,POS,Online,Local
2022-01-20,1m funding secured for LEEDS 2023,Yorkshire Business Daily,5430,POS,Online,Regional
2022-01-20,1m funding secured for LEEDS 2023,Insider Media,10250,POS,Online,Regional; Trade
2022-01-20,LEEDS 2023 SECURES £1M BACKING,Insider Media,10250,POS,Online,Regional; Trade
2022-01-20,£1m funding secured for city’s one-year celebration of culture,TheBusinessDesk.com - TheBusinessDesk.com (Yorkshire),228780,POS,Online,Regional; Trade
2022-01-22,Hazel Millichamp - Light on Leeds Podcast,"Yorkshire Post, The",23055,POS,Print,Regional
2022-01-22,Joelle on a mission to bring music to a new generation,Yorkshire Evening Post,23055,POS,Print,Local
2022-01-24,Let's get behind LEEDS 2023,Yorkshire Evening Post - Yorkshireeveningpost.co.uk,567120,POS,Online,Local
2022-01-24,Let's get behind Leeds 2023,Yorkshire Evening Post - Yorkshireeveningpost.co.uk,567120,POS,Online,Local
2022-01-25,Breakfast Show,BBC Radio Leeds,196000,POS,Broadcast,Regional
2022-01-25,Breakfast Show,BBC Radio Leeds,196000,POS,Broadcast,Regional
2022-01-25,Celebration of the region’s arts and culture,Yorkshire Evening Post - Yorkshireeveningpost.co.uk,302040,POS,Online,Local
2022-01-25,Drive time show,BBC Radio Leeds,196000,POS,Broadcast,Regional
2022-01-25,Leeds landmarks showcased in new film,Yorkshire Evening Post - Yorkshireeveningpost.co.uk,302040,POS,Online,Local
2022-01-25,Major partners join LEEDS 2023,Yorkshire Evening Post - Yorkshireeveningpost.co.uk,302040,POS,Online,Local
2022-01-25,Major partners join LEEDS 2023,"Yorkshire Post, The",23055,POS,Print,Regional
2022-01-25,"Martin Freeman on The Responder and Cultural Levelling Up
Front Row",BBC Radio 4,2200000,POS,Broadcast,National
2022-01-25,Parkour champion counts down to Year of Culture,South Leeds Life,5280,POS,Online,Local
2022-01-25,Why LEEDS 2023 Will Be Great for Us & Even Better For the City,Leeds-List.com,43560,POS,Online,Local
2022-01-26,Countdown is on to a celebration of creativity and ambition,Yorkshire Evening Post,23055,POS,Print,Local
2022-01-26,Cultural festival partners announced as excitement builds for year-long event,"Yorkshire Post, The",23055,POS,Print,Regional
2022-01-27,Gabby Logan- Growing older gracefully,Yorkshire Evening Post,23055,POS,Print,Local
2022-01-27,Lighthouse tribute is dropped,"Yorkshire Post, The",23055,POS,Print,Regional
2022-01-27,New partners for Leeds 2023,ArtsProfessional,15090,POS,Online,National; Trade
2022-01-29,Corrie star helping put kids on road to fame,Yorkshire Evening Post,23055,POS,Print,Local
2022-01-29,Parkour champ David becomes a silver screen star,Yorkshire Evening Post,23055,POS,Print,Local
2022-01-30,Why parkour champion David Nelmes is proud to be part of LEEDS 2023,Yorkshire Evening Post - Yorkshireeveningpost.co.uk,302040,POS,Online,Local
2022-02-01,Leeds 2023 announces creative partners for year of culture,Museums Association,34650,POS,Online,National; Trade
2022-02-03,MP’s Notebook: Year of Culture,South Leeds Life,5280,POS,Online,Local
2022-02-04,John and Elizabeth Godber: Ruby and the Vinyl,"Yorkshire Post, The",21817,POS,Print,Regional
2022-02-04,So much to offer and be proud of - Gabby Logan,Yorkshire Evening Post,23055,POS,Print,Local
2022-02-05,Ntantu joins Leeds 2023 'OneYearToGo' Film Project,Yorkshire Evening Post,23055,POS,Print,Local
2022-02-05,"Yorkshire Life Aquatic - We Are Bramley, Acts of Defiance",Yorkshire Evening Post,23055,POS,Print,Local
2022-02-06,Local rapper joins 'One Year To Go',Yorkshire Evening Post - Yorkshireeveningpost.co.uk,302040,POS,Online,Local
2022-02-09,LEEDS 2023: levelling up in action,ArtsProfessional,,POS,Online,National; Trade
2022-02-12,"Amy Letman, creative director of 'Transform' on changing the cultural legacy",Yorkshire Evening Post,23055,POS,Print,Local
2022-02-12,Harnessing the power of music - and sport,Yorkshire Evening Post,23055,POS,Print,Local
2022-02-17,Creative Director at LEEDS 2023 talks on McCann Leeds podcast,prolificnorth.co.uk,70000,POS,Online,Regional
2022-02-19,Artist Ellie and her journey with grief - Leeds 2023 art exhibition,Yorkshire Evening Post,23055,POS,Print,Local
2022-02-19,Eileen Agar's Angel of Anarchy,Yorkshire Evening Post,23055,POS,Print,Local
2022-02-20,Ellie Harrison explores grief in Leeds 2023 art exhibition,Yorkshire Evening Post - Yorkshireeveningpost.co.uk,302040,POS,Online,Local
2022-02-21,Access to the arts 'more vital than ever' - Culture minister says,"Yorkshire Post - yorkshirepost.co.uk, The",567120,POS,Online,Local
2022-02-21,Arts 'are more vital than ever' - Pandemic recovery,"Yorkshire Post, The",23055,POS,Print,Regional
2022-02-21,Importance of arts,"Yorkshire Post, The",23055,POS,Print,Regional
2022-02-22,Higher education lends support to LEEDS 2023,ArtsProfessional,27174,POS,Online,National; Trade
2022-02-22,Leeds 2023 - ‘acts of defiance’ in Bramley,West Leeds Dispatch,1140,POS,Online,Local
2022-02-23,EDUCATION INSTITUTIONS BACK LEEDS 2023,Insider Media,9083,POS,Online,Regional; Trade
2022-02-23,Leeds council tax to rise by maximum amount as more cuts planned alongside 211 new jobs,Leeds Live,55680,POS,Online,Local
2022-02-24,Leeds City Council budget 2022: Council tax to increase by 2.99 per cent and £16m service cuts,Yorkshire Evening Post - Yorkshireeveningpost.co.uk,302040,POS,Online,Local
2022-02-24,"Leeds council budget passed – 2.99 per cent council tax increases, £16m in cuts",West Leeds Dispatch,1140,POS,Online,Local
2022-02-25,Council Tax in Leeds to rise by 2.99 per cent - and £16m of service cuts to be made,thetelegraphandargus.co.uk,10671,POS,Online,Local
2022-02-26,Mafwa Theatre - MWMCMN,Yorkshire Evening Post - Yorkshireeveningpost.co.uk,302040,POS,Online,Local
2022-02-26,Mafwa Theatre - MWMCMN,Yorkshire Evening Post,23055,POS,Print,Local
2022-02-26,Northern Ballet,Yorkshire Evening Post,23055,POS,Print,Local
2022-03-01,"Our aim is to put Leeds on the cultural map and make it one of the top cities in the world to live in, work and visit'",Estates Gazette,20889,POS,Print,National
2022-03-05,Carriageworks hosts a bohemian rhapsody,Yorkshire Evening Post,23055,POS,Print,Local
2022-03-05,Exploring the heritage of diverse and vibrant Beeston,Yorkshire Evening Post,23055,POS,Print,Local
2022-03-07,Leeds 2023 chief executive Kully Thiarai - 'Let’s celebrate the role that young people have to play in our city',Yorkshire Evening Post - Yorkshireeveningpost.co.uk,302040,POS,Online,Local
2022-03-07,Lets celebrate the role that young people play - Kully Thiarai,Yorkshire Evening Post,23055,POS,Print,Local
2022-03-09,Yorkshire Life Aquatic Bramley pair celebrate LEEDS 2023 for 'helping to shine a light' on city's artists,Yorkshire Evening Post - Yorkshireeveningpost.co.uk,302040,POS,Online,Local
2022-03-13,Celebration and friendship for all those who call hunslet home,Yorkshire Evening Post,23055,POS,Print,Local
2022-03-13,Yorkshire theatre company working with sanctuary seekers in Hunslet to create art together,Yorkshire Evening Post - Yorkshireeveningpost.co.uk,302040,POS,Online,Local
2022-03-17,‘We Are Bramley’ art work unveiled in Bramley Park,West Leeds Dispatch,1140,POS,Online,Local
2022-03-19,Our community is so much more than a route in and out of the city,Yorkshire Evening Post,23055,POS,Print,Local
2022-03-20,Local artists open up creative toolbox to explore Meanwood commuter routes,Yorkshire Evening Post - Yorkshireeveningpost.co.uk,302040,POS,Online,Local
2022-03-26,Talented Ben is putting smiles on faces with the art of noise,Yorkshire Evening Post,23055,POS,Print,Local
2022-03-27,Orchestra of Objects founder working with LEEDS 2023 to develop exciting new school partnership,Yorkshire Evening Post - Yorkshireeveningpost.co.uk,302040,POS,Online,Local
2022-04-02,Mid morning show with Liz Green,BBC Radio Leeds,196000,POS,Broadcast,Regional
2022-04-02,Sharing the stories of the people and places that make city unique,Yorkshire Evening Post,23055,POS,Print,Local
2022-04-03,Farsley poet 'telling the incredible stories of ordinary people',Yorkshire Evening Post - Yorkshireeveningpost.co.uk,302040,POS,Online,Local
2022-04-04,Leeds 2023 team wants to celebrate all forms of culture,Yorkshire Evening Post - Yorkshireeveningpost.co.uk,302040,POS,Online,Local
2022-04-04,"Whatever your passion, we'll shout about it",Yorkshire Evening Post,23055,POS,Print,Local
2022-04-05,Event brings the hidden stories of Farsley and Pudsey alive,West Leeds Dispatch,1140,POS,Online,Local
2022-04-08,The ministry of fun,BBC Radio 4,10754000,POS,Broadcast,National
2022-04-10,Best places to live 2022,"Times & The Sunday Times, The",647622,POS,Print,National
2022-04-13,Artist Ben Mills aims to find ‘common thread’ that brings community together,West Leeds Dispatch,1140,POS,Online,Local
2022-04-16,CHICAGO at Leeds Grand Theatre,Yorkshire Evening Post,23055,POS,Print,Local
2022-04-16,There's so much more to work of Slung Low than just theatre,Yorkshire Evening Post,23055,POS,Print,Local
2022-04-17,Leeds 2023: Slung Low theatre director talks running Covid lockdown food bank in Holbeck,Yorskhire Evening Post,311316,POS,Online,Local
2022-04-23,Tapping into technology to help people share their own stories,Yorkshire Evening Post,23055,POS,Print,Local
2022-04-23,Unltimate 'indie bedroom artist' heading to Leeds,Yorkshire Evening Post,23055,POS,Print,Local
2022-04-24,Adam Skowronski is a Creative Technologist at LEEDS 2023 and believes we can all use digital technology to be more creative,Yorkshire Evening Post - Yorkshireeveningpost.co.uk,311316,POS,Online,Local
2022-04-25,Art stars prove doubters wrong,"Yorkshire Post, The",23055,POS,Print,Regional
2022-04-25,How two Yorkshire women are challenging race and class stigmas and stereotypes that still exist in the world of arts and culture,"Yorkshire Post - yorkshirepost.co.uk, The",567120,POS,Online,Local
2022-04-30,Teachers helping children to create their own ripping yarns,Yorkshire Evening Post,23055,POS,Print,Local
2022-04-30,Tom heads to Hyde Park for acoustic set,Yorkshire Evening Post,23055,POS,Print,Local
2022-05-02,Leeds 2023 roadshows begin as city counts down to its year of culture - Lee Brennan,Yorkshire Evening Post - Yorkshireeveningpost.co.uk,311316,POS,Online,Local
2022-05-02,We can't wait to meet you as we hit the road,Yorkshire Evening Post,23055,POS,Print,Local
2022-05-07,Volunteer to share love for Leeds and its incredible communities,Yorkshire Evening Post,23055,POS,Print,Local
2022-05-14,Search is on for hosts with the most who love their community,Yorkshire Evening Post,23055,POS,Print,Local
2022-05-15,Leeds 2023 looking to recruit person from each of city's 33 wards to become a Neighbourhood Host for year of culture,Yorkshire Evening Post,23055,POS,Online,Local
2022-05-16,Farsley art event brings community together,West Leeds Dispatch,1140,POS,Online,Local
2022-05-17,My Gurus: Be the change you want to see,ArtsProfessional,27174,POS,Online,National; Trade
2022-05-17,Walk captures ‘acts of defiance’ in Bramley,West Leeds Dispatch,1140,POS,Online,Local
2022-05-18,Shockas 'voice of the North' Kay Mellor dies,"Yorkshire Post, The",21817,NEU,Print,Regional
2022-05-21,Celebrating the diversity and sounds of our multi-cultural city,Yorkshire Evening Post,23055,POS,Print,Local
2022-05-21,Mill towns proud rise to city of culture bid,Daily Express,251737,POS,Print,National
2022-05-22,Poet and videographer combine to celebrate look and sound of the city for Leeds 2023,Yorkshire Evening Post,23055,POS,Print,Local
2022-05-24,Dance company hits out at union in row over anniversary lay-offs,"Yorkshire Post, The",36512,NEU,Print,Regional
2022-05-28,Putting unsung heroes of leeds music scene in the spotlight,Yorkshire Evening Post,23055,POS,Print,Local
2022-05-29,'An integral part of life': Music producer at Leeds 2023 looking to shine a light on city's musicians,Yorkshire Evening Post - Yorkshireeveningpost.co.uk,311316,POS,Online,Local
2022-06-01,Leeds sends message of congratulations as Bradford is named UK City of Culture 2025,News Anyway,,POS,Online,International
2022-06-04,Bringing the joy of jazz to leeds for first family riendly festival,Yorkshire Evening Post,23055,POS,Print,Local
2022-06-05,First Jazz festival coming to Leeds this June as city gears up for Leeds 2023 year of culture celebrations,Yorkshire Evening Post - Yorkshireeveningpost.co.uk,311316,POS,Online,Local
2022-06-06,Broadcaster and former Leeds United footballer Sanchez Payne on the talent waiting to be discovered during Leeds 2023 year of culture,Yorkshire Evening Post - Yorkshireeveningpost.co.uk,311316,POS,Online,Local
2022-06-06,So much talent waiting to be discovered,Yorkshire Evening Post,23055,POS,Print,Local
2022-06-08,Councillors issue video calls for all Outer West community meetings,West Leeds Dispatch,1140,NEU,Online,Local
2022-06-11,Ensuring young people's voices are heard right across the city,Yorkshire Evening Post,23055,POS,Print,Local
2022-06-12,Youth Voice Manager promises young people will be at the heart of Leeds 2023 year of culture,Yorkshire Evening Post - Yorkshireeveningpost.co.uk,21817,POS,Online,Local
2022-06-14,'Culture could help to drive a tourism boom',"Yorkshire Post, The",21817,POS,Print,Regional
2022-06-14,"Bradford City of Culture 2025 and Leeds 2023 can drive West Yorkshire tourism boom, suggests Tracy Brabin",Yorkshire Evening Post - Yorkshireeveningpost.co.uk,311316,POS,Online,Local
2022-06-15,Council chiefs set to back new tribute to David Oluwale,News Anyway,51000,POS,Online,International
2022-06-15,"What city might host Eurovision 2023? After receiving an offer from the BBC, Glasgow or Manchester are expected to host the event.",Technotrenz.com,6600,NEU,Online,International
2022-06-16,Design Week Awards 2022 – the shortlist in full,designweek.co.uk,200000,NEU,Online,National
2022-06-17,Eurovision 2023: Leeds Expresses Interest in Hosting Eurovision,eurovoix.com,103350,NEU,Online,International
2022-06-17,Leeds to bid to host Eurovision Song Contest 2023 at the First Direct Arena in honour of Ukraine,Yorkshire Evening Post - Yorkshireeveningpost.co.uk,311316,POS,Online,Local
2022-06-17,London 'ready to step up' and host Eurovision 2023 as British cities race to pitch for the event,ITV online,2758260,NEU,Online,National
2022-06-17,"So, Where In The UK Could Eurovision 2023 Be Held – And How Much Would It Cost?",huffingtonpost.co.uk,584040,NEU,Online,National
2022-06-18,Can Leeds really land Eurovision,Yorkshire Evening Post,23055,NEU,Print,Local
2022-06-18,Making a difference now - and for the future with theatre project,Yorkshire Evening Post,23055,POS,Print,Local
2022-06-18,Soap opera: Michelle cleans up with new business venture,Yorkshire Evening Post,23055,NEU,Print,Local
2022-06-18,Where could Eurovision 2023 be held? Glasgow or Manchester tipped to host contest after offer to BBC,inews.co.uk,7300000,NEU,Online,National
2022-06-19,Leeds 2023 working with Mafwa Theatre to create green spaces for local refugees to enjoy art and nature,Yorkshire Evening Post - Yorkshireeveningpost.co.uk,311316,Popular,Online,Local
2022-06-19,Which British cities have shown interest in hosting Eurovision 2023?,escunited.com,74340,NEU,Online,National
2022-06-21,Leeds 2023 roadshow comes to Pudsey House,West Leeds Dispatch,1140,POS,Online,Local
2022-06-22,Eurovision 2023: Leeds is vying to host the competition,esctoday.com,145560,POS,Online,National
2022-06-25,"Transforming Seacroft with music, food, sport and stories",Yorkshire Evening Post,23055,POS,Print,Local
2022-06-26,LEEDS 2023: How community groups are turning Seacroft into a hive of activism and art,Yorkshire Evening Post - Yorkshireeveningpost.co.uk,311316,POS,Online,Local
2022-06-27,Leeds 2023 Roadshow comes to Old Farnley Community Centre,West Leeds Dispatch,1140,POS,Online,Local
2022-06-28,Channel 4 opens 25 creative career opportunities for disadvantaged young people in Leeds and Manchester,Channel 4,,POS,Online,National
2022-06-28,Emmerdale’s 50th anniversary could tie into Leeds 2023 cultural celebrations,"Yorkshire Post - yorkshirepost.co.uk, The",567120,POS,Online,Regional
2022-06-28,£2.1m awarded to bring Leeds’ heritage stories to life,Bdaily,126000,POS,Online,National; Trade
2022-06-29,Channel 4 offering fully paid content creation opportunities for young people in Leeds,Yorkshire Evening Post,311316,POS,Online,Local
2022-06-29,Channel 4 to create jobs for disadvantaged young people in Leeds,"Yorkshire Post, The",,POS,Online,Regional
2022-06-29,City council wants to bring Eurovision 2023 to Leeds,escxtra.com,74340,POS,Online,National
2022-06-29,Culture link with soap milestone,Yorkshire Evening Post,36512,NEU,Print,Local
2022-06-29,Culture link with soap milestone,Yorkshire Evening Post,23055,POS,Print,Local
2022-06-29,Emmerdale’s 50th anniversary could tie into Leeds cultural celebrations,West Leeds Dispatch,1140,POS,Online,Local
2022-06-29,LEEDS 2023 SECURES £2.1M IN LOTTERY FUNDING,Insider Media,10250,POS,Online,Regional; Trade
2022-06-29,Leeds 2023 awarded over £2 million in National Lottery fund support for year of culture and heritage,Yorkshire Evening Post - Yorkshireeveningpost.co.uk,311316,POS,Online,Local
2022-06-29,Leeds doesn’t exist!’: Councillor unhappy with city’s absence from weather forecast maps,thetelegraphandargus.co.uk,74441,NEG,Online,Local
2022-06-29,Leeds to get 'crucial' multi-million pound investment in 2023 that will leave a 'lasting legacy' of history and hidden stories,Leeds Live,55680,POS,Online,Local
2022-06-29,National Lottery funding puts ‘heritage at the heart’ of six projects with £13.7m funding,Museums + Heritage Advisor,6757,POS,Online,National; Trade
2022-06-29,The National Lottery awards £2.1m funding to Leeds 2023,prolificnorth.co.uk,70000,POS,Online,Regional
2022-06-30,Councillor wants to put Leeds on the map,Yorkshire Evening Post,23055,POS,Print,Local
2022-06-30,Culture link with soap milestone,"Yorkshire Post, The",21817,POS,Print,Regional
2022-06-30,Emmerdale celebration links to Year of Culture,"Yorkshire Post, The",21817,POS,Print,Regional
2022-06-30,National Lottery awards £13.7m for community projects,ArtsProfessional,,POS,Online,National; Trade
2022-06-30,£2m Boost for Year of Culture (Front cover),Yorkshire Evening Post,23055,POS,Print,Local
2022-06-30,£2m Lotto number comes up for 2023 culture project,Yorkshire Evening Post,23055,POS,Print,Local
2022-07-02,Bringing the arts to life - and the community together - in Garforth,Yorkshire Evening Post,23055,Postive,Print,Local
2022-07-03,Garforth community artist looking to engage town in green projects as part of Leeds 2023 involvement,Yorkshire Evening Post,311316,POS,Online,Local
2022-07-04,Looking ahead doesn't mean forgetting past,Yorkshire Evening Post,23055,POS,Print,Local
2022-07-09,Original take on caputuring life through lens across Leeds faith,Yorkshire Evening Post,23055,POS,Print,Local
2022-07-11,Making connections through a lens - the Leeds project taking a closer look in our communities,Yorkshire Evening Post,311316,POS,Online,Local
2022-07-12,Leeds 2023 is coming to Middleton,South Leeds Life,,POS,Online,Local
2022-07-14,LEEDS 2023 announces Landsec as headline partner,South Leeds Life,,POS,Online,Local
2022-07-14,Landsec to be partner for year of culture,"Yorkshire Post, The",21817,POS,Print,Regional
2022-07-14,PROPERTY GIANT BECOMES HEADLINE PARTNER OF LEEDS 2023,Insider Media,10250,POS,Online,Regional; Trade
2022-07-15,LEEDS 2023 announces Landsec as headline partner,Bdaily,126000,POS,Online,Regional
2022-07-15,Our aim is for cultural renaissance in the region,"Yorkshire Post, The",21817,POS,Print,Regional
2022-07-18,CEO of Leeds 2023 to speak at the upcoming Summer BBQ,TheBusinessDesk.com - TheBusinessDesk.com (Yorkshire),170000,POS,Online,Regional; Trade
2022-07-19,Discover more about Leeds 2023 – roadshow comes to Kirkstall,West Leeds Dispatch,1140,POS,Online,Local
2022-07-20,7 reasons why Leeds has to host the 2023 Eurovision Song Contest,Leeds Live,55680,POS,Online,Local
2022-07-23,Celebrating our city's African communities,Yorkshire Evening Post,36512,POS,Print,Local
2022-07-24,Artist Ndidi Nkwopara on why she wanted to be part of the Leeds 2023 project bringing the city's African communities together,Yorkshire Evening Post,311316,POS,Online,Local
2022-07-25,Eurovision 2023: BBC confirms song contest will take place in UK - and this Yorkshire city could be in the running to host,Yorkshire Post,567120,POS,Online,Regional
2022-07-25,Eurovision 2023: UK will host Eurovision next year - here are the betting odds for it being held in Leeds,Yorkshire Evening Post,311316,POS,Online,Local
2022-07-26,Eurovision in Sheffield: Yorkshire city among first to announce bid to host song contest as mayor says it is the 'obvious choice',Yorkshire Post,567120,POS,Online,Regional
2022-07-26,Eurovision: UK cities in the running to host as fans rally around Rylan to present,Pink News,6320012,POS,Online,National
2022-07-26,Funding boost for city’s arts and culture projects set for approval,Leeds.Gov.UK,,POS,Online,Local
2022-07-26,Leeds to get funding boost for the arts and culture projects,Newstart,10000,POS,Online,Regional
2022-07-26,Sheffield & Leeds Express Interest As The UK Is Set To Host Eurovision Song Contest 2023,The Yorkshireman,,POS,Online,Regional
2022-07-27,Funding boost for city’s arts and culture projects set for approval,News Anyway,,POS,Online,International
2022-07-27,£1.6M ARTS AND CULTURE FUNDING SET FOR APPROVAL,Insider Media,10250,POS,Online,Regional; Trade
2022-07-28,Sound case for Yorkshire to be a Eurovision winner,"Yorkshire Post, The",21817,POS,Print,Regional
2022-07-30,Leeds2023 - making year of culture happen,Yorkshire Evening Post,36512,POS,Print,Local
2022-08-01,Get excited about our year of culture,Yorkshire Evening Post,23055,POS,Print,Local
2022-08-01,How to get the whole city excited about the Leeds 2023 year of culture - Chris Ansell,Yorkshire Evening Post,311316,POS,Online,Local
2022-08-03,Digital ‘avengers’ to deliver pioneering super strategy with LEEDS 2023,Yorkshire Business Daily,5000,POS,Online,Regional
2022-08-05,LEEDS 2023 names ‘digital avengers’ to deliver ‘super strategy’ Prolific North,Today Post us Zero,,POS,Online,International
2022-08-05,"LEEDS 2023 names “digital avengers” to deliver “super strategy""",prolificnorth.co.uk,70000,POS,Online,Regional
2022-08-05,LEEDS 2023 names “digital avengers” to deliver “super strategy” “Prolific North”.,UK Daily News,,POS,Online,Regional
2022-08-06,Skateboard Community has so much to offer,Yorkshire Evening Post,36512,POS,Print,Local
2022-08-07,Leeds 2023: Over 60s invited to tell their tales for 1001 Stories,West Leeds Dispatch,,POS,Online,Local
2022-08-08,Agency roundup: Extreme; Rise at Seven; LEEDS 2023; and more,TheBusinessDesk.com - TheBusinessDesk.com (Yorkshire),170000,POS,Online,Regional; Trade
2022-08-08,How LEEDS 2023 is helping to empower skateboarders in city and combat stigma,Yorkshire Evening Post,237450,POS,Online,Local
2022-08-09,Agencies on board to support LEEDS2023,"Yorkshire Post, The",21817,POS,Print,Regional
2022-08-20,Back to backs' Inspire community art project,Yorkshire Evening Post,36512,POS,Print,Local
2022-08-21,Celebrating the best of Harehills community inspires Leeds 2023 project led by animators,Yorkshire Evening Post,237450,POS,Online,Local
2022-08-24,Why Leeds would be a fitting place to host Eurovision next year - Tracy Brabin,Yorkshire Post,21817,POS,Online,Regional
2022-08-27,Call goes out for 'older generation' to speak up,Yorkshire Evening Post,237450,POS,Online,Local
2022-08-28,The Performance Ensemble capture hidden stories older people that will 'resonate across the world',Yorkshire Evening Post,237450,POS,Online,Local
2022-08-29,"Yinka Shonibare's latest commision is part of a proposed memorial for British Nigerian David Oluwale. @TheTetley, @RememberOluwale @LEEDS2023 presents the sculpture which signifies hope and renewal from 11 Sep",Twitter - Aesthetica Magazine,106000,POS,Online,Social Media
2022-09-02,Arts View: Nick Ahad,"Yorkshire Post, The",21817,POS,Print,Regional
2022-09-03,Helping the people to publish their stories,Yorkshire Evening Post,36512,POS,Print,Local
2022-09-04,Leeds 2023: Meet the 'incredibly lucky' writer helping local people to publish their stories,Yorkshire Evening Post,237450,POS,Online,Local
2022-09-05,City's 'huge' Eurovision opportunity,Yorkshire Evening Post,36512,POS,Print,Local
2022-09-05,David Oluwale honoured with restored plaque in Leeds,The Voice,30000,POS,Online,Local
2022-09-05,Eurovision 2023 coming to Leeds would be a huge opportunity for the city - council deputy leader Jonathan Pryor,Yorkshire Evening Post,237450,POS,Online,Local
2022-09-06,Leeds promises Eurovision 2023 will be ‘Ukraine’s party in our house’ if city wins host bid,Yorkshire Evening Post,237450,POS,Online,Local
2022-09-06,Rugby League World Cup 2021 launches plans for Cultural Festival,Inside the games,58100,POS,Online,International
2022-09-14,Jamie Jones-Buchanan leaves coaching role – but stays with Leeds,Yahoo! Sport,,POS,Online,National
2022-09-14,Leeds Rhinos legend Jamie Jones-Buchanan to take groundbreaking new role at club,Leeds Live,220262,POS,Online,Local
2022-09-14,RHINOS LEGEND JONES-BUCHANAN TO TAKE ON NEW HEADINGLEY ROLE,Leeds Rhinos,,POS,Online,Local
2022-09-15,"Leeds 2023: 1,000 volunteers needed for year of culture celebrations",Yorkshire Evening Post,237450,POS,Online,Local
2022-09-15,Support Leeds 2023 city of culture by volunteering,West Leeds Dispatch,,POS,Online,Local
2022-09-16,"1,000 Volunteering opportunities announced for year of culture",South Leeds Life,,POS,Online,Local
2022-09-16,"1,000 volunteers needed for cultural celebrations",Yorkshire Evening Post,36512,POS,Print,Local
2022-09-23,City aims to change lives through art,"Yorkshire Post, The",21817,POS,Print,Regional
2022-09-23,Leeds 2023 announces initial programme,"Stage - thestage.co.uk, The",9489,POS,Online,National; Trade
2022-09-24,Leeds 2023 pening show to kick off at headingley stadium,Yorkshire Evening Post,36512,POS,Print,Local
2022-09-24,Spectacle of epic art and perfromance is promised for city,"Yorkshire Post, The",21817,POS,Print,Regional
2022-09-24,Stars to launch city's year of culture,Yorkshire Evening Post,36512,POS,Print,Local
2022-09-26,Leeds 2023 announces initial programme,The Stage Newsletter,9489,POS,Online,National; Trade
